calendar_date,facility_id,facility_name,service_id,service_name,average_census,peak_census,staffed_beds,average_utilization,peak_utilization
2025-01-01,FAC-001,North General Hospital,SVC-CHD,Child Health,15.125,17,19,0.7960526315789473,0.8947368421052632
2025-01-01,FAC-001,North General Hospital,SVC-MAT,Maternal Care,23.416666666666668,27,21,1.1150793650793651,1.2857142857142858
2025-01-01,FAC-001,North General Hospital,SVC-MED,General Medicine,35.041666666666664,37,42,0.8343253968253967,0.8809523809523809
2025-01-01,FAC-001,North General Hospital,SVC-MHU,Mental Health,19.583333333333332,24,14,1.3988095238095237,1.7142857142857142
2025-01-01,FAC-001,North General Hospital,SVC-SRG,General Surgery,25.333333333333332,28,29,0.8735632183908045,0.9655172413793104
2025-01-01,FAC-002,Central Community Hospital,SVC-CHD,Child Health,5.333333333333333,7,14,0.38095238095238093,0.5
2025-01-01,FAC-002,Central Community Hospital,SVC-MAT,Maternal Care,17.625,19,16,1.1015625,1.1875
2025-01-01,FAC-002,Central Community Hospital,SVC-MED,General Medicine,28.0,31,32,0.875,0.96875
2025-01-01,FAC-002,Central Community Hospital,SVC-MHU,Mental Health,12.041666666666666,13,12,1.003472222222222,1.0833333333333333
2025-01-01,FAC-002,Central Community Hospital,SVC-SRG,General Surgery,12.791666666666666,15,24,0.532986111111111,0.625
2025-01-01,FAC-003,South Medical Center,SVC-CHD,Child Health,8.666666666666666,12,12,0.7222222222222222,1.0
2025-01-01,FAC-003,South Medical Center,SVC-MAT,Maternal Care,12.416666666666666,13,14,0.8869047619047619,0.9285714285714286
2025-01-01,FAC-003,South Medical Center,SVC-MED,General Medicine,16.333333333333332,18,28,0.5833333333333333,0.6428571428571429
2025-01-01,FAC-003,South Medical Center,SVC-MHU,Mental Health,16.916666666666668,19,11,1.537878787878788,1.7272727272727273
2025-01-01,FAC-003,South Medical Center,SVC-SRG,General Surgery,22.083333333333332,24,20,1.1041666666666665,1.2
2025-01-02,FAC-001,North General Hospital,SVC-CHD,Child Health,15.291666666666666,17,17,0.8995098039215685,1.0
2025-01-02,FAC-001,North General Hospital,SVC-MAT,Maternal Care,30.25,32,21,1.4404761904761905,1.5238095238095237
2025-01-02,FAC-001,North General Hospital,SVC-MED,General Medicine,34.583333333333336,37,41,0.8434959349593496,0.9024390243902439
2025-01-02,FAC-001,North General Hospital,SVC-MHU,Mental Health,25.875,27,16,1.6171875,1.6875
2025-01-02,FAC-001,North General Hospital,SVC-SRG,General Surgery,22.541666666666668,25,30,0.7513888888888889,0.8333333333333334
2025-01-02,FAC-002,Central Community Hospital,SVC-CHD,Child Health,8.833333333333334,10,16,0.5520833333333334,0.625
2025-01-02,FAC-002,Central Community Hospital,SVC-MAT,Maternal Care,20.083333333333332,23,16,1.2552083333333333,1.4375
2025-01-02,FAC-002,Central Community Hospital,SVC-MED,General Medicine,28.875,30,33,0.875,0.9090909090909091
2025-01-02,FAC-002,Central Community Hospital,SVC-MHU,Mental Health,11.375,12,12,0.9479166666666666,1.0
2025-01-02,FAC-002,Central Community Hospital,SVC-SRG,General Surgery,17.583333333333332,22,23,0.7644927536231884,0.9565217391304348
2025-01-02,FAC-003,South Medical Center,SVC-CHD,Child Health,15.25,17,12,1.2708333333333333,1.4166666666666667
2025-01-02,FAC-003,South Medical Center,SVC-MAT,Maternal Care,11.083333333333334,13,13,0.8525641025641026,1.0
2025-01-02,FAC-003,South Medical Center,SVC-MED,General Medicine,20.791666666666668,22,27,0.7700617283950618,0.8148148148148148
2025-01-02,FAC-003,South Medical Center,SVC-MHU,Mental Health,15.541666666666666,16,11,1.4128787878787878,1.4545454545454546
2025-01-02,FAC-003,South Medical Center,SVC-SRG,General Surgery,19.5,24,20,0.975,1.2
2025-01-03,FAC-001,North General Hospital,SVC-CHD,Child Health,13.416666666666666,16,17,0.7892156862745098,0.9411764705882353
2025-01-03,FAC-001,North General Hospital,SVC-MAT,Maternal Care,30.083333333333332,33,19,1.5833333333333333,1.736842105263158
2025-01-03,FAC-001,North General Hospital,SVC-MED,General Medicine,38.458333333333336,40,44,0.8740530303030304,0.9090909090909091
2025-01-03,FAC-001,North General Hospital,SVC-MHU,Mental Health,24.583333333333332,26,17,1.446078431372549,1.5294117647058822
2025-01-03,FAC-001,North General Hospital,SVC-SRG,General Surgery,22.75,24,30,0.7583333333333333,0.8
2025-01-03,FAC-002,Central Community Hospital,SVC-CHD,Child Health,6.583333333333333,8,14,0.47023809523809523,0.5714285714285714
2025-01-03,FAC-002,Central Community Hospital,SVC-MAT,Maternal Care,15.583333333333334,19,15,1.038888888888889,1.2666666666666666
2025-01-03,FAC-002,Central Community Hospital,SVC-MED,General Medicine,32.083333333333336,34,35,0.9166666666666667,0.9714285714285714
2025-01-03,FAC-002,Central Community Hospital,SVC-MHU,Mental Health,11.333333333333334,12,13,0.8717948717948718,0.9230769230769231
2025-01-03,FAC-002,Central Community Hospital,SVC-SRG,General Surgery,19.791666666666668,23,24,0.8246527777777778,0.9583333333333334
2025-01-03,FAC-003,South Medical Center,SVC-CHD,Child Health,10.708333333333334,16,11,0.9734848484848485,1.4545454545454546
2025-01-03,FAC-003,South Medical Center,SVC-MAT,Maternal Care,10.083333333333334,12,13,0.7756410256410257,0.9230769230769231
2025-01-03,FAC-003,South Medical Center,SVC-MED,General Medicine,23.666666666666668,25,28,0.8452380952380952,0.8928571428571429
2025-01-03,FAC-003,South Medical Center,SVC-MHU,Mental Health,17.458333333333332,19,11,1.587121212121212,1.7272727272727273
2025-01-03,FAC-003,South Medical Center,SVC-SRG,General Surgery,22.291666666666668,25,20,1.1145833333333335,1.25
2025-01-04,FAC-001,North General Hospital,SVC-CHD,Child Health,16.625,18,17,0.9779411764705882,1.0588235294117647
2025-01-04,FAC-001,North General Hospital,SVC-MAT,Maternal Care,20.916666666666668,26,19,1.1008771929824561,1.368421052631579
2025-01-04,FAC-001,North General Hospital,SVC-MED,General Medicine,42.291666666666664,46,40,1.0572916666666665,1.15
2025-01-04,FAC-001,North General Hospital,SVC-MHU,Mental Health,22.0,23,15,1.4666666666666666,1.5333333333333334
2025-01-04,FAC-001,North General Hospital,SVC-SRG,General Surgery,23.208333333333332,25,29,0.800287356321839,0.8620689655172413
2025-01-04,FAC-002,Central Community Hospital,SVC-CHD,Child Health,9.166666666666666,11,12,0.7638888888888888,0.9166666666666666
2025-01-04,FAC-002,Central Community Hospital,SVC-MAT,Maternal Care,13.25,14,15,0.8833333333333333,0.9333333333333333
2025-01-04,FAC-002,Central Community Hospital,SVC-MED,General Medicine,29.041666666666668,30,32,0.9075520833333334,0.9375
2025-01-04,FAC-002,Central Community Hospital,SVC-MHU,Mental Health,12.041666666666666,13,12,1.003472222222222,1.0833333333333333
2025-01-04,FAC-002,Central Community Hospital,SVC-SRG,General Surgery,16.791666666666668,17,23,0.730072463768116,0.7391304347826086
2025-01-04,FAC-003,South Medical Center,SVC-CHD,Child Health,11.125,12,12,0.9270833333333334,1.0
2025-01-04,FAC-003,South Medical Center,SVC-MAT,Maternal Care,16.583333333333332,21,11,1.5075757575757576,1.9090909090909092
2025-01-04,FAC-003,South Medical Center,SVC-MED,General Medicine,22.041666666666668,25,25,0.8816666666666667,1.0
2025-01-04,FAC-003,South Medical Center,SVC-MHU,Mental Health,18.375,19,11,1.6704545454545454,1.7272727272727273
2025-01-04,FAC-003,South Medical Center,SVC-SRG,General Surgery,19.083333333333332,21,18,1.0601851851851851,1.1666666666666667
2025-01-05,FAC-001,North General Hospital,SVC-CHD,Child Health,17.041666666666668,19,17,1.0024509803921569,1.1176470588235294
2025-01-05,FAC-001,North General Hospital,SVC-MAT,Maternal Care,20.208333333333332,23,19,1.0635964912280702,1.2105263157894737
2025-01-05,FAC-001,North General Hospital,SVC-MED,General Medicine,47.625,51,38,1.2532894736842106,1.3421052631578947
2025-01-05,FAC-001,North General Hospital,SVC-MHU,Mental Health,21.083333333333332,23,16,1.3177083333333333,1.4375
2025-01-05,FAC-001,North General Hospital,SVC-SRG,General Surgery,27.916666666666668,30,28,0.9970238095238095,1.0714285714285714
2025-01-05,FAC-002,Central Community Hospital,SVC-CHD,Child Health,11.916666666666666,13,13,0.9166666666666666,1.0
2025-01-05,FAC-002,Central Community Hospital,SVC-MAT,Maternal Care,14.041666666666666,15,16,0.8776041666666666,0.9375
2025-01-05,FAC-002,Central Community Hospital,SVC-MED,General Medicine,28.666666666666668,29,32,0.8958333333333334,0.90625
2025-01-05,FAC-002,Central Community Hospital,SVC-MHU,Mental Health,12.083333333333334,15,12,1.0069444444444444,1.25
2025-01-05,FAC-002,Central Community Hospital,SVC-SRG,General Surgery,18.041666666666668,20,22,0.8200757575757577,0.9090909090909091
2025-01-05,FAC-003,South Medical Center,SVC-CHD,Child Health,10.833333333333334,12,10,1.0833333333333335,1.2
2025-01-05,FAC-003,South Medical Center,SVC-MAT,Maternal Care,21.333333333333332,22,13,1.641025641025641,1.6923076923076923
2025-01-05,FAC-003,South Medical Center,SVC-MED,General Medicine,22.833333333333332,26,24,0.9513888888888888,1.0833333333333333
2025-01-05,FAC-003,South Medical Center,SVC-MHU,Mental Health,19.333333333333332,20,10,1.9333333333333331,2.0
2025-01-05,FAC-003,South Medical Center,SVC-SRG,General Surgery,15.375,19,17,0.9044117647058824,1.1176470588235294
2025-01-06,FAC-001,North General Hospital,SVC-CHD,Child Health,16.541666666666668,17,18,0.9189814814814815,0.9444444444444444
2025-01-06,FAC-001,North General Hospital,SVC-MAT,Maternal Care,21.583333333333332,24,21,1.0277777777777777,1.1428571428571428
2025-01-06,FAC-001,North General Hospital,SVC-MED,General Medicine,42.291666666666664,46,43,0.9835271317829457,1.069767441860465
2025-01-06,FAC-001,North General Hospital,SVC-MHU,Mental Health,19.958333333333332,21,16,1.2473958333333333,1.3125
2025-01-06,FAC-001,North General Hospital,SVC-SRG,General Surgery,30.208333333333332,31,30,1.0069444444444444,1.0333333333333334
2025-01-06,FAC-002,Central Community Hospital,SVC-CHD,Child Health,10.083333333333334,14,14,0.7202380952380952,1.0
2025-01-06,FAC-002,Central Community Hospital,SVC-MAT,Maternal Care,18.208333333333332,20,16,1.1380208333333333,1.25
2025-01-06,FAC-002,Central Community Hospital,SVC-MED,General Medicine,26.458333333333332,28,34,0.7781862745098039,0.8235294117647058
2025-01-06,FAC-002,Central Community Hospital,SVC-MHU,Mental Health,14.875,15,12,1.2395833333333333,1.25
2025-01-06,FAC-002,Central Community Hospital,SVC-SRG,General Surgery,18.458333333333332,20,23,0.8025362318840579,0.8695652173913043
2025-01-06,FAC-003,South Medical Center,SVC-CHD,Child Health,13.791666666666666,16,12,1.1493055555555556,1.3333333333333333
2025-01-06,FAC-003,South Medical Center,SVC-MAT,Maternal Care,19.875,23,13,1.5288461538461537,1.7692307692307692
2025-01-06,FAC-003,South Medical Center,SVC-MED,General Medicine,32.458333333333336,35,28,1.1592261904761905,1.25
2025-01-06,FAC-003,South Medical Center,SVC-MHU,Mental Health,19.583333333333332,21,11,1.7803030303030303,1.9090909090909092
2025-01-06,FAC-003,South Medical Center,SVC-SRG,General Surgery,14.958333333333334,17,19,0.787280701754386,0.8947368421052632
2025-01-07,FAC-001,North General Hospital,SVC-CHD,Child Health,17.916666666666668,20,18,0.9953703703703705,1.1111111111111112
2025-01-07,FAC-001,North General Hospital,SVC-MAT,Maternal Care,19.25,22,20,0.9625,1.1
2025-01-07,FAC-001,North General Hospital,SVC-MED,General Medicine,39.083333333333336,41,43,0.9089147286821706,0.9534883720930233
2025-01-07,FAC-001,North General Hospital,SVC-MHU,Mental Health,19.791666666666668,21,14,1.4136904761904763,1.5
2025-01-07,FAC-001,North General Hospital,SVC-SRG,General Surgery,24.708333333333332,28,30,0.8236111111111111,0.9333333333333333
2025-01-07,FAC-002,Central Community Hospital,SVC-CHD,Child Health,7.458333333333333,9,13,0.5737179487179487,0.6923076923076923
2025-01-07,FAC-002,Central Community Hospital,SVC-MAT,Maternal Care,17.25,18,16,1.078125,1.125
2025-01-07,FAC-002,Central Community Hospital,SVC-MED,General Medicine,27.375,29,32,0.85546875,0.90625
2025-01-07,FAC-002,Central Community Hospital,SVC-MHU,Mental Health,17.0,18,12,1.4166666666666667,1.5
2025-01-07,FAC-002,Central Community Hospital,SVC-SRG,General Surgery,20.083333333333332,24,23,0.8731884057971014,1.0434782608695652
2025-01-07,FAC-003,South Medical Center,SVC-CHD,Child Health,15.708333333333334,17,11,1.428030303030303,1.5454545454545454
2025-01-07,FAC-003,South Medical Center,SVC-MAT,Maternal Care,20.458333333333332,25,14,1.4613095238095237,1.7857142857142858
2025-01-07,FAC-003,South Medical Center,SVC-MED,General Medicine,33.875,36,27,1.2546296296296295,1.3333333333333333
2025-01-07,FAC-003,South Medical Center,SVC-MHU,Mental Health,20.291666666666668,21,9,2.2546296296296298,2.3333333333333335
2025-01-07,FAC-003,South Medical Center,SVC-SRG,General Surgery,13.666666666666666,17,21,0.6507936507936508,0.8095238095238095
2025-01-08,FAC-001,North General Hospital,SVC-CHD,Child Health,18.416666666666668,21,18,1.0231481481481481,1.1666666666666667
2025-01-08,FAC-001,North General Hospital,SVC-MAT,Maternal Care,23.625,28,21,1.125,1.3333333333333333
2025-01-08,FAC-001,North General Hospital,SVC-MED,General Medicine,41.416666666666664,44,42,0.986111111111111,1.0476190476190477
2025-01-08,FAC-001,North General Hospital,SVC-MHU,Mental Health,21.166666666666668,23,14,1.511904761904762,1.6428571428571428
2025-01-08,FAC-001,North General Hospital,SVC-SRG,General Surgery,23.166666666666668,25,29,0.7988505747126438,0.8620689655172413
2025-01-08,FAC-002,Central Community Hospital,SVC-CHD,Child Health,7.0,8,14,0.5,0.5714285714285714
2025-01-08,FAC-002,Central Community Hospital,SVC-MAT,Maternal Care,16.291666666666668,19,15,1.0861111111111112,1.2666666666666666
2025-01-08,FAC-002,Central Community Hospital,SVC-MED,General Medicine,26.833333333333332,29,34,0.7892156862745098,0.8529411764705882
2025-01-08,FAC-002,Central Community Hospital,SVC-MHU,Mental Health,16.833333333333332,17,13,1.2948717948717947,1.3076923076923077
2025-01-08,FAC-002,Central Community Hospital,SVC-SRG,General Surgery,21.208333333333332,24,24,0.8836805555555555,1.0
2025-01-08,FAC-003,South Medical Center,SVC-CHD,Child Health,12.833333333333334,16,12,1.0694444444444444,1.3333333333333333
2025-01-08,FAC-003,South Medical Center,SVC-MAT,Maternal Care,16.208333333333332,17,15,1.0805555555555555,1.1333333333333333
2025-01-08,FAC-003,South Medical Center,SVC-MED,General Medicine,31.625,33,27,1.1712962962962963,1.2222222222222223
2025-01-08,FAC-003,South Medical Center,SVC-MHU,Mental Health,20.041666666666668,21,10,2.004166666666667,2.1
2025-01-08,FAC-003,South Medical Center,SVC-SRG,General Surgery,9.833333333333334,14,20,0.4916666666666667,0.7
2025-01-09,FAC-001,North General Hospital,SVC-CHD,Child Health,24.416666666666668,26,18,1.3564814814814816,1.4444444444444444
2025-01-09,FAC-001,North General Hospital,SVC-MAT,Maternal Care,28.875,31,21,1.375,1.4761904761904763
2025-01-09,FAC-001,North General Hospital,SVC-MED,General Medicine,48.541666666666664,52,41,1.1839430894308942,1.2682926829268293
2025-01-09,FAC-001,North General Hospital,SVC-MHU,Mental Health,20.791666666666668,22,17,1.2230392156862746,1.2941176470588236
2025-01-09,FAC-001,North General Hospital,SVC-SRG,General Surgery,19.625,21,30,0.6541666666666667,0.7
2025-01-09,FAC-002,Central Community Hospital,SVC-CHD,Child Health,6.458333333333333,8,13,0.49679487179487175,0.6153846153846154
2025-01-09,FAC-002,Central Community Hospital,SVC-MAT,Maternal Care,17.208333333333332,20,15,1.1472222222222221,1.3333333333333333
2025-01-09,FAC-002,Central Community Hospital,SVC-MED,General Medicine,30.208333333333332,32,34,0.8884803921568627,0.9411764705882353
2025-01-09,FAC-002,Central Community Hospital,SVC-MHU,Mental Health,17.916666666666668,19,12,1.4930555555555556,1.5833333333333333
2025-01-09,FAC-002,Central Community Hospital,SVC-SRG,General Surgery,21.416666666666668,23,25,0.8566666666666667,0.92
2025-01-09,FAC-003,South Medical Center,SVC-CHD,Child Health,10.75,13,12,0.8958333333333334,1.0833333333333333
2025-01-09,FAC-003,South Medical Center,SVC-MAT,Maternal Care,16.041666666666668,19,13,1.233974358974359,1.4615384615384615
2025-01-09,FAC-003,South Medical Center,SVC-MED,General Medicine,25.958333333333332,31,27,0.9614197530864197,1.1481481481481481
2025-01-09,FAC-003,South Medical Center,SVC-MHU,Mental Health,19.333333333333332,21,9,2.148148148148148,2.3333333333333335
2025-01-09,FAC-003,South Medical Center,SVC-SRG,General Surgery,13.958333333333334,16,18,0.775462962962963,0.8888888888888888
2025-01-10,FAC-001,North General Hospital,SVC-CHD,Child Health,24.208333333333332,27,19,1.2741228070175439,1.4210526315789473
2025-01-10,FAC-001,North General Hospital,SVC-MAT,Maternal Care,28.625,31,22,1.3011363636363635,1.4090909090909092
2025-01-10,FAC-001,North General Hospital,SVC-MED,General Medicine,48.041666666666664,52,41,1.1717479674796747,1.2682926829268293
2025-01-10,FAC-001,North General Hospital,SVC-MHU,Mental Health,19.791666666666668,21,19,1.0416666666666667,1.105263157894737
2025-01-10,FAC-001,North General Hospital,SVC-SRG,General Surgery,21.833333333333332,24,30,0.7277777777777777,0.8
2025-01-10,FAC-002,Central Community Hospital,SVC-CHD,Child Health,5.125,7,12,0.4270833333333333,0.5833333333333334
2025-01-10,FAC-002,Central Community Hospital,SVC-MAT,Maternal Care,17.75,21,16,1.109375,1.3125
2025-01-10,FAC-002,Central Community Hospital,SVC-MED,General Medicine,28.291666666666668,31,34,0.8321078431372549,0.9117647058823529
2025-01-10,FAC-002,Central Community Hospital,SVC-MHU,Mental Health,15.791666666666666,17,12,1.315972222222222,1.4166666666666667
2025-01-10,FAC-002,Central Community Hospital,SVC-SRG,General Surgery,25.208333333333332,31,23,1.096014492753623,1.3478260869565217
2025-01-10,FAC-003,South Medical Center,SVC-CHD,Child Health,9.958333333333334,11,12,0.8298611111111112,0.9166666666666666
2025-01-10,FAC-003,South Medical Center,SVC-MAT,Maternal Care,18.083333333333332,21,14,1.2916666666666665,1.5
2025-01-10,FAC-003,South Medical Center,SVC-MED,General Medicine,24.083333333333332,26,27,0.8919753086419753,0.9629629629629629
2025-01-10,FAC-003,South Medical Center,SVC-MHU,Mental Health,16.833333333333332,18,11,1.5303030303030303,1.6363636363636365
2025-01-10,FAC-003,South Medical Center,SVC-SRG,General Surgery,13.916666666666666,16,19,0.7324561403508771,0.8421052631578947
2025-01-11,FAC-001,North General Hospital,SVC-CHD,Child Health,18.958333333333332,22,15,1.2638888888888888,1.4666666666666666
2025-01-11,FAC-001,North General Hospital,SVC-MAT,Maternal Care,26.208333333333332,28,18,1.4560185185185184,1.5555555555555556
2025-01-11,FAC-001,North General Hospital,SVC-MED,General Medicine,41.208333333333336,45,39,1.0566239316239316,1.1538461538461537
2025-01-11,FAC-001,North General Hospital,SVC-MHU,Mental Health,19.75,21,15,1.3166666666666667,1.4
2025-01-11,FAC-001,North General Hospital,SVC-SRG,General Surgery,20.0,21,27,0.7407407407407407,0.7777777777777778
2025-01-11,FAC-002,Central Community Hospital,SVC-CHD,Child Health,8.291666666666666,10,15,0.5527777777777777,0.6666666666666666
2025-01-11,FAC-002,Central Community Hospital,SVC-MAT,Maternal Care,23.0,25,15,1.5333333333333334,1.6666666666666667
2025-01-11,FAC-002,Central Community Hospital,SVC-MED,General Medicine,29.416666666666668,34,33,0.8914141414141414,1.0303030303030303
2025-01-11,FAC-002,Central Community Hospital,SVC-MHU,Mental Health,14.5,15,11,1.3181818181818181,1.3636363636363635
2025-01-11,FAC-002,Central Community Hospital,SVC-SRG,General Surgery,28.0,31,23,1.2173913043478262,1.3478260869565217
2025-01-11,FAC-003,South Medical Center,SVC-CHD,Child Health,12.541666666666666,14,13,0.9647435897435896,1.0769230769230769
2025-01-11,FAC-003,South Medical Center,SVC-MAT,Maternal Care,19.5,20,11,1.7727272727272727,1.8181818181818181
2025-01-11,FAC-003,South Medical Center,SVC-MED,General Medicine,17.541666666666668,21,25,0.7016666666666667,0.84
2025-01-11,FAC-003,South Medical Center,SVC-MHU,Mental Health,15.958333333333334,16,11,1.450757575757576,1.4545454545454546
2025-01-11,FAC-003,South Medical Center,SVC-SRG,General Surgery,16.583333333333332,18,18,0.9212962962962963,1.0
2025-01-12,FAC-001,North General Hospital,SVC-CHD,Child Health,15.708333333333334,17,17,0.9240196078431373,1.0
2025-01-12,FAC-001,North General Hospital,SVC-MAT,Maternal Care,28.583333333333332,30,19,1.5043859649122806,1.5789473684210527
2025-01-12,FAC-001,North General Hospital,SVC-MED,General Medicine,40.083333333333336,42,39,1.027777777777778,1.0769230769230769
2025-01-12,FAC-001,North General Hospital,SVC-MHU,Mental Health,18.083333333333332,19,15,1.2055555555555555,1.2666666666666666
2025-01-12,FAC-001,North General Hospital,SVC-SRG,General Surgery,23.166666666666668,27,29,0.7988505747126438,0.9310344827586207
2025-01-12,FAC-002,Central Community Hospital,SVC-CHD,Child Health,8.541666666666666,11,13,0.657051282051282,0.8461538461538461
2025-01-12,FAC-002,Central Community Hospital,SVC-MAT,Maternal Care,23.916666666666668,26,14,1.7083333333333335,1.8571428571428572
2025-01-12,FAC-002,Central Community Hospital,SVC-MED,General Medicine,34.083333333333336,36,31,1.099462365591398,1.1612903225806452
2025-01-12,FAC-002,Central Community Hospital,SVC-MHU,Mental Health,15.208333333333334,16,11,1.3825757575757576,1.4545454545454546
2025-01-12,FAC-002,Central Community Hospital,SVC-SRG,General Surgery,24.958333333333332,27,23,1.085144927536232,1.173913043478261
2025-01-12,FAC-003,South Medical Center,SVC-CHD,Child Health,14.375,16,11,1.3068181818181819,1.4545454545454546
2025-01-12,FAC-003,South Medical Center,SVC-MAT,Maternal Care,20.25,23,12,1.6875,1.9166666666666667
2025-01-12,FAC-003,South Medical Center,SVC-MED,General Medicine,15.416666666666666,16,26,0.592948717948718,0.6153846153846154
2025-01-12,FAC-003,South Medical Center,SVC-MHU,Mental Health,13.041666666666666,15,10,1.3041666666666667,1.5
2025-01-12,FAC-003,South Medical Center,SVC-SRG,General Surgery,18.125,20,20,0.90625,1.0
2025-01-13,FAC-001,North General Hospital,SVC-CHD,Child Health,15.666666666666666,18,18,0.8703703703703703,1.0
2025-01-13,FAC-001,North General Hospital,SVC-MAT,Maternal Care,23.375,28,21,1.1130952380952381,1.3333333333333333
2025-01-13,FAC-001,North General Hospital,SVC-MED,General Medicine,39.5,41,43,0.9186046511627907,0.9534883720930233
2025-01-13,FAC-001,North General Hospital,SVC-MHU,Mental Health,21.791666666666668,23,16,1.3619791666666667,1.4375
2025-01-13,FAC-001,North General Hospital,SVC-SRG,General Surgery,26.916666666666668,32,30,0.8972222222222223,1.0666666666666667
2025-01-13,FAC-002,Central Community Hospital,SVC-CHD,Child Health,8.916666666666666,12,13,0.6858974358974359,0.9230769230769231
2025-01-13,FAC-002,Central Community Hospital,SVC-MAT,Maternal Care,24.958333333333332,28,15,1.6638888888888888,1.8666666666666667
2025-01-13,FAC-002,Central Community Hospital,SVC-MED,General Medicine,35.208333333333336,39,35,1.005952380952381,1.1142857142857143
2025-01-13,FAC-002,Central Community Hospital,SVC-MHU,Mental Health,15.541666666666666,17,14,1.1101190476190477,1.2142857142857142
2025-01-13,FAC-002,Central Community Hospital,SVC-SRG,General Surgery,21.625,23,24,0.9010416666666666,0.9583333333333334
2025-01-13,FAC-003,South Medical Center,SVC-CHD,Child Health,12.5,16,11,1.1363636363636365,1.4545454545454546
2025-01-13,FAC-003,South Medical Center,SVC-MAT,Maternal Care,19.166666666666668,20,14,1.369047619047619,1.4285714285714286
2025-01-13,FAC-003,South Medical Center,SVC-MED,General Medicine,16.041666666666668,17,29,0.55316091954023,0.5862068965517241
2025-01-13,FAC-003,South Medical Center,SVC-MHU,Mental Health,12.0,12,9,1.3333333333333333,1.3333333333333333
2025-01-13,FAC-003,South Medical Center,SVC-SRG,General Surgery,17.916666666666668,20,19,0.9429824561403509,1.0526315789473684
2025-01-14,FAC-001,North General Hospital,SVC-CHD,Child Health,19.75,22,18,1.0972222222222223,1.2222222222222223
2025-01-14,FAC-001,North General Hospital,SVC-MAT,Maternal Care,19.5,22,20,0.975,1.1
2025-01-14,FAC-001,North General Hospital,SVC-MED,General Medicine,39.375,43,41,0.9603658536585366,1.048780487804878
2025-01-14,FAC-001,North General Hospital,SVC-MHU,Mental Health,23.625,24,16,1.4765625,1.5
2025-01-14,FAC-001,North General Hospital,SVC-SRG,General Surgery,30.0,33,31,0.967741935483871,1.064516129032258
2025-01-14,FAC-002,Central Community Hospital,SVC-CHD,Child Health,7.666666666666667,11,14,0.5476190476190477,0.7857142857142857
2025-01-14,FAC-002,Central Community Hospital,SVC-MAT,Maternal Care,24.541666666666668,27,17,1.4436274509803921,1.588235294117647
2025-01-14,FAC-002,Central Community Hospital,SVC-MED,General Medicine,38.083333333333336,40,34,1.1200980392156863,1.1764705882352942
2025-01-14,FAC-002,Central Community Hospital,SVC-MHU,Mental Health,15.083333333333334,16,11,1.3712121212121213,1.4545454545454546
2025-01-14,FAC-002,Central Community Hospital,SVC-SRG,General Surgery,23.583333333333332,26,25,0.9433333333333332,1.04
2025-01-14,FAC-003,South Medical Center,SVC-CHD,Child Health,11.125,13,10,1.1125,1.3
2025-01-14,FAC-003,South Medical Center,SVC-MAT,Maternal Care,16.5,19,12,1.375,1.5833333333333333
2025-01-14,FAC-003,South Medical Center,SVC-MED,General Medicine,19.166666666666668,21,27,0.7098765432098766,0.7777777777777778
2025-01-14,FAC-003,South Medical Center,SVC-MHU,Mental Health,11.75,12,10,1.175,1.2
2025-01-14,FAC-003,South Medical Center,SVC-SRG,General Surgery,16.208333333333332,18,19,0.8530701754385964,0.9473684210526315
2025-01-15,FAC-001,North General Hospital,SVC-CHD,Child Health,20.208333333333332,24,18,1.1226851851851851,1.3333333333333333
2025-01-15,FAC-001,North General Hospital,SVC-MAT,Maternal Care,17.666666666666668,20,20,0.8833333333333334,1.0
2025-01-15,FAC-001,North General Hospital,SVC-MED,General Medicine,34.25,37,43,0.7965116279069767,0.8604651162790697
2025-01-15,FAC-001,North General Hospital,SVC-MHU,Mental Health,20.583333333333332,23,16,1.2864583333333333,1.4375
2025-01-15,FAC-001,North General Hospital,SVC-SRG,General Surgery,27.75,30,29,0.9568965517241379,1.0344827586206897
2025-01-15,FAC-002,Central Community Hospital,SVC-CHD,Child Health,11.291666666666666,13,16,0.7057291666666666,0.8125
2025-01-15,FAC-002,Central Community Hospital,SVC-MAT,Maternal Care,22.958333333333332,26,16,1.4348958333333333,1.625
2025-01-15,FAC-002,Central Community Hospital,SVC-MED,General Medicine,32.083333333333336,35,35,0.9166666666666667,1.0
2025-01-15,FAC-002,Central Community Hospital,SVC-MHU,Mental Health,17.375,18,12,1.4479166666666667,1.5
2025-01-15,FAC-002,Central Community Hospital,SVC-SRG,General Surgery,23.125,25,25,0.925,1.0
2025-01-15,FAC-003,South Medical Center,SVC-CHD,Child Health,12.583333333333334,14,12,1.0486111111111112,1.1666666666666667
2025-01-15,FAC-003,South Medical Center,SVC-MAT,Maternal Care,12.333333333333334,17,12,1.027777777777778,1.4166666666666667
2025-01-15,FAC-003,South Medical Center,SVC-MED,General Medicine,20.75,22,27,0.7685185185185185,0.8148148148148148
2025-01-15,FAC-003,South Medical Center,SVC-MHU,Mental Health,11.208333333333334,12,10,1.1208333333333333,1.2
2025-01-15,FAC-003,South Medical Center,SVC-SRG,General Surgery,11.75,15,20,0.5875,0.75
2025-01-16,FAC-001,North General Hospital,SVC-CHD,Child Health,13.708333333333334,19,20,0.6854166666666667,0.95
2025-01-16,FAC-001,North General Hospital,SVC-MAT,Maternal Care,21.75,26,19,1.144736842105263,1.368421052631579
2025-01-16,FAC-001,North General Hospital,SVC-MED,General Medicine,34.833333333333336,38,42,0.8293650793650794,0.9047619047619048
2025-01-16,FAC-001,North General Hospital,SVC-MHU,Mental Health,22.375,23,16,1.3984375,1.4375
2025-01-16,FAC-001,North General Hospital,SVC-SRG,General Surgery,32.916666666666664,35,33,0.9974747474747474,1.0606060606060606
2025-01-16,FAC-002,Central Community Hospital,SVC-CHD,Child Health,13.666666666666666,15,15,0.9111111111111111,1.0
2025-01-16,FAC-002,Central Community Hospital,SVC-MAT,Maternal Care,19.541666666666668,23,17,1.1495098039215688,1.3529411764705883
2025-01-16,FAC-002,Central Community Hospital,SVC-MED,General Medicine,30.666666666666668,32,32,0.9583333333333334,1.0
2025-01-16,FAC-002,Central Community Hospital,SVC-MHU,Mental Health,15.875,16,12,1.3229166666666667,1.3333333333333333
2025-01-16,FAC-002,Central Community Hospital,SVC-SRG,General Surgery,23.375,26,23,1.016304347826087,1.1304347826086956
2025-01-16,FAC-003,South Medical Center,SVC-CHD,Child Health,12.083333333333334,13,12,1.0069444444444444,1.0833333333333333
2025-01-16,FAC-003,South Medical Center,SVC-MAT,Maternal Care,12.416666666666666,15,12,1.034722222222222,1.25
2025-01-16,FAC-003,South Medical Center,SVC-MED,General Medicine,25.583333333333332,28,27,0.9475308641975309,1.037037037037037
2025-01-16,FAC-003,South Medical Center,SVC-MHU,Mental Health,10.958333333333334,12,10,1.0958333333333334,1.2
2025-01-16,FAC-003,South Medical Center,SVC-SRG,General Surgery,12.791666666666666,16,17,0.7524509803921569,0.9411764705882353
2025-01-17,FAC-001,North General Hospital,SVC-CHD,Child Health,15.416666666666666,20,16,0.9635416666666666,1.25
2025-01-17,FAC-001,North General Hospital,SVC-MAT,Maternal Care,23.416666666666668,25,19,1.2324561403508774,1.3157894736842106
2025-01-17,FAC-001,North General Hospital,SVC-MED,General Medicine,36.125,39,41,0.8810975609756098,0.9512195121951219
2025-01-17,FAC-001,North General Hospital,SVC-MHU,Mental Health,25.458333333333332,27,18,1.4143518518518519,1.5
2025-01-17,FAC-001,North General Hospital,SVC-SRG,General Surgery,27.375,33,30,0.9125,1.1
2025-01-17,FAC-002,Central Community Hospital,SVC-CHD,Child Health,12.583333333333334,15,16,0.7864583333333334,0.9375
2025-01-17,FAC-002,Central Community Hospital,SVC-MAT,Maternal Care,13.916666666666666,16,19,0.7324561403508771,0.8421052631578947
2025-01-17,FAC-002,Central Community Hospital,SVC-MED,General Medicine,30.708333333333332,33,32,0.9596354166666666,1.03125
2025-01-17,FAC-002,Central Community Hospital,SVC-MHU,Mental Health,15.416666666666666,17,12,1.284722222222222,1.4166666666666667
2025-01-17,FAC-002,Central Community Hospital,SVC-SRG,General Surgery,24.875,27,23,1.0815217391304348,1.173913043478261
2025-01-17,FAC-003,South Medical Center,SVC-CHD,Child Health,9.416666666666666,12,13,0.7243589743589743,0.9230769230769231
2025-01-17,FAC-003,South Medical Center,SVC-MAT,Maternal Care,11.416666666666666,14,12,0.9513888888888888,1.1666666666666667
2025-01-17,FAC-003,South Medical Center,SVC-MED,General Medicine,30.041666666666668,32,27,1.1126543209876543,1.1851851851851851
2025-01-17,FAC-003,South Medical Center,SVC-MHU,Mental Health,9.833333333333334,10,10,0.9833333333333334,1.0
2025-01-17,FAC-003,South Medical Center,SVC-SRG,General Surgery,16.083333333333332,17,20,0.8041666666666666,0.85
2025-01-18,FAC-001,North General Hospital,SVC-CHD,Child Health,19.291666666666668,21,17,1.1348039215686274,1.2352941176470589
2025-01-18,FAC-001,North General Hospital,SVC-MAT,Maternal Care,24.541666666666668,27,19,1.2916666666666667,1.4210526315789473
2025-01-18,FAC-001,North General Hospital,SVC-MED,General Medicine,38.916666666666664,42,40,0.9729166666666667,1.05
2025-01-18,FAC-001,North General Hospital,SVC-MHU,Mental Health,24.208333333333332,26,14,1.7291666666666665,1.8571428571428572
2025-01-18,FAC-001,North General Hospital,SVC-SRG,General Surgery,29.125,32,29,1.0043103448275863,1.103448275862069
2025-01-18,FAC-002,Central Community Hospital,SVC-CHD,Child Health,10.875,13,14,0.7767857142857143,0.9285714285714286
2025-01-18,FAC-002,Central Community Hospital,SVC-MAT,Maternal Care,12.708333333333334,14,14,0.9077380952380952,1.0
2025-01-18,FAC-002,Central Community Hospital,SVC-MED,General Medicine,29.75,32,31,0.9596774193548387,1.032258064516129
2025-01-18,FAC-002,Central Community Hospital,SVC-MHU,Mental Health,13.083333333333334,14,13,1.0064102564102564,1.0769230769230769
2025-01-18,FAC-002,Central Community Hospital,SVC-SRG,General Surgery,24.791666666666668,27,22,1.1268939393939394,1.2272727272727273
2025-01-18,FAC-003,South Medical Center,SVC-CHD,Child Health,11.833333333333334,13,11,1.075757575757576,1.1818181818181819
2025-01-18,FAC-003,South Medical Center,SVC-MAT,Maternal Care,15.333333333333334,18,12,1.277777777777778,1.5
2025-01-18,FAC-003,South Medical Center,SVC-MED,General Medicine,32.75,35,27,1.212962962962963,1.2962962962962963
2025-01-18,FAC-003,South Medical Center,SVC-MHU,Mental Health,8.416666666666666,10,10,0.8416666666666666,1.0
2025-01-18,FAC-003,South Medical Center,SVC-SRG,General Surgery,15.0,17,18,0.8333333333333334,0.9444444444444444
2025-01-19,FAC-001,North General Hospital,SVC-CHD,Child Health,16.208333333333332,19,17,0.9534313725490196,1.1176470588235294
2025-01-19,FAC-001,North General Hospital,SVC-MAT,Maternal Care,27.0,32,21,1.2857142857142858,1.5238095238095237
2025-01-19,FAC-001,North General Hospital,SVC-MED,General Medicine,40.583333333333336,43,39,1.0405982905982907,1.1025641025641026
2025-01-19,FAC-001,North General Hospital,SVC-MHU,Mental Health,20.708333333333332,22,17,1.2181372549019607,1.2941176470588236
2025-01-19,FAC-001,North General Hospital,SVC-SRG,General Surgery,30.708333333333332,33,29,1.0589080459770115,1.1379310344827587
2025-01-19,FAC-002,Central Community Hospital,SVC-CHD,Child Health,11.291666666666666,13,12,0.9409722222222222,1.0833333333333333
2025-01-19,FAC-002,Central Community Hospital,SVC-MAT,Maternal Care,14.875,17,16,0.9296875,1.0625
2025-01-19,FAC-002,Central Community Hospital,SVC-MED,General Medicine,26.041666666666668,29,32,0.8138020833333334,0.90625
2025-01-19,FAC-002,Central Community Hospital,SVC-MHU,Mental Health,12.333333333333334,14,12,1.027777777777778,1.1666666666666667
2025-01-19,FAC-002,Central Community Hospital,SVC-SRG,General Surgery,25.25,27,22,1.1477272727272727,1.2272727272727273
2025-01-19,FAC-003,South Medical Center,SVC-CHD,Child Health,9.791666666666666,12,12,0.8159722222222222,1.0
2025-01-19,FAC-003,South Medical Center,SVC-MAT,Maternal Care,18.083333333333332,20,13,1.391025641025641,1.5384615384615385
2025-01-19,FAC-003,South Medical Center,SVC-MED,General Medicine,30.25,32,26,1.1634615384615385,1.2307692307692308
2025-01-19,FAC-003,South Medical Center,SVC-MHU,Mental Health,6.625,7,9,0.7361111111111112,0.7777777777777778
2025-01-19,FAC-003,South Medical Center,SVC-SRG,General Surgery,19.625,22,17,1.1544117647058822,1.2941176470588236
2025-01-20,FAC-001,North General Hospital,SVC-CHD,Child Health,12.0,14,18,0.6666666666666666,0.7777777777777778
2025-01-20,FAC-001,North General Hospital,SVC-MAT,Maternal Care,25.916666666666668,30,20,1.2958333333333334,1.5
2025-01-20,FAC-001,North General Hospital,SVC-MED,General Medicine,39.833333333333336,43,42,0.9484126984126985,1.0238095238095237
2025-01-20,FAC-001,North General Hospital,SVC-MHU,Mental Health,17.916666666666668,19,16,1.1197916666666667,1.1875
2025-01-20,FAC-001,North General Hospital,SVC-SRG,General Surgery,31.25,35,30,1.0416666666666667,1.1666666666666667
2025-01-20,FAC-002,Central Community Hospital,SVC-CHD,Child Health,12.208333333333334,13,16,0.7630208333333334,0.8125
2025-01-20,FAC-002,Central Community Hospital,SVC-MAT,Maternal Care,11.666666666666666,13,13,0.8974358974358974,1.0
2025-01-20,FAC-002,Central Community Hospital,SVC-MED,General Medicine,24.708333333333332,29,33,0.7487373737373737,0.8787878787878788
2025-01-20,FAC-002,Central Community Hospital,SVC-MHU,Mental Health,13.041666666666666,14,13,1.0032051282051282,1.0769230769230769
2025-01-20,FAC-002,Central Community Hospital,SVC-SRG,General Surgery,23.708333333333332,26,24,0.9878472222222222,1.0833333333333333
2025-01-20,FAC-003,South Medical Center,SVC-CHD,Child Health,9.291666666666666,12,11,0.8446969696969696,1.0909090909090908
2025-01-20,FAC-003,South Medical Center,SVC-MAT,Maternal Care,17.0,19,11,1.5454545454545454,1.7272727272727273
2025-01-20,FAC-003,South Medical Center,SVC-MED,General Medicine,26.125,27,27,0.9675925925925926,1.0
2025-01-20,FAC-003,South Medical Center,SVC-MHU,Mental Health,7.875,9,11,0.7159090909090909,0.8181818181818182
2025-01-20,FAC-003,South Medical Center,SVC-SRG,General Surgery,21.833333333333332,23,20,1.0916666666666666,1.15
2025-01-21,FAC-001,North General Hospital,SVC-CHD,Child Health,13.541666666666666,17,19,0.712719298245614,0.8947368421052632
2025-01-21,FAC-001,North General Hospital,SVC-MAT,Maternal Care,23.125,24,20,1.15625,1.2
2025-01-21,FAC-001,North General Hospital,SVC-MED,General Medicine,43.583333333333336,46,44,0.9905303030303031,1.0454545454545454
2025-01-21,FAC-001,North General Hospital,SVC-MHU,Mental Health,17.416666666666668,18,16,1.0885416666666667,1.125
2025-01-21,FAC-001,North General Hospital,SVC-SRG,General Surgery,31.208333333333332,34,28,1.1145833333333333,1.2142857142857142
2025-01-21,FAC-002,Central Community Hospital,SVC-CHD,Child Health,11.791666666666666,14,16,0.7369791666666666,0.875
2025-01-21,FAC-002,Central Community Hospital,SVC-MAT,Maternal Care,15.458333333333334,22,17,0.9093137254901961,1.2941176470588236
2025-01-21,FAC-002,Central Community Hospital,SVC-MED,General Medicine,29.833333333333332,31,33,0.904040404040404,0.9393939393939394
2025-01-21,FAC-002,Central Community Hospital,SVC-MHU,Mental Health,13.458333333333334,14,15,0.8972222222222223,0.9333333333333333
2025-01-21,FAC-002,Central Community Hospital,SVC-SRG,General Surgery,24.083333333333332,27,24,1.003472222222222,1.125
2025-01-21,FAC-003,South Medical Center,SVC-CHD,Child Health,10.916666666666666,12,13,0.8397435897435896,0.9230769230769231
2025-01-21,FAC-003,South Medical Center,SVC-MAT,Maternal Care,20.291666666666668,21,13,1.560897435897436,1.6153846153846154
2025-01-21,FAC-003,South Medical Center,SVC-MED,General Medicine,26.125,27,28,0.9330357142857143,0.9642857142857143
2025-01-21,FAC-003,South Medical Center,SVC-MHU,Mental Health,8.75,9,11,0.7954545454545454,0.8181818181818182
2025-01-21,FAC-003,South Medical Center,SVC-SRG,General Surgery,19.416666666666668,20,20,0.9708333333333334,1.0
2025-01-22,FAC-001,North General Hospital,SVC-CHD,Child Health,14.833333333333334,18,17,0.8725490196078431,1.0588235294117647
2025-01-22,FAC-001,North General Hospital,SVC-MAT,Maternal Care,20.125,23,21,0.9583333333333334,1.0952380952380953
2025-01-22,FAC-001,North General Hospital,SVC-MED,General Medicine,42.333333333333336,43,42,1.007936507936508,1.0238095238095237
2025-01-22,FAC-001,North General Hospital,SVC-MHU,Mental Health,18.041666666666668,19,15,1.202777777777778,1.2666666666666666
2025-01-22,FAC-001,North General Hospital,SVC-SRG,General Surgery,35.166666666666664,38,30,1.172222222222222,1.2666666666666666
2025-01-22,FAC-002,Central Community Hospital,SVC-CHD,Child Health,13.333333333333334,15,16,0.8333333333333334,0.9375
2025-01-22,FAC-002,Central Community Hospital,SVC-MAT,Maternal Care,24.0,26,17,1.411764705882353,1.5294117647058822
2025-01-22,FAC-002,Central Community Hospital,SVC-MED,General Medicine,29.708333333333332,31,34,0.8737745098039216,0.9117647058823529
2025-01-22,FAC-002,Central Community Hospital,SVC-MHU,Mental Health,13.5,14,15,0.9,0.9333333333333333
2025-01-22,FAC-002,Central Community Hospital,SVC-SRG,General Surgery,20.083333333333332,23,24,0.8368055555555555,0.9583333333333334
2025-01-22,FAC-003,South Medical Center,SVC-CHD,Child Health,7.5,10,12,0.625,0.8333333333333334
2025-01-22,FAC-003,South Medical Center,SVC-MAT,Maternal Care,18.583333333333332,21,12,1.548611111111111,1.75
2025-01-22,FAC-003,South Medical Center,SVC-MED,General Medicine,21.458333333333332,23,28,0.7663690476190476,0.8214285714285714
2025-01-22,FAC-003,South Medical Center,SVC-MHU,Mental Health,7.708333333333333,9,10,0.7708333333333333,0.9
2025-01-22,FAC-003,South Medical Center,SVC-SRG,General Surgery,16.0,19,18,0.8888888888888888,1.0555555555555556
2025-01-23,FAC-001,North General Hospital,SVC-CHD,Child Health,11.791666666666666,15,17,0.6936274509803921,0.8823529411764706
2025-01-23,FAC-001,North General Hospital,SVC-MAT,Maternal Care,14.791666666666666,17,19,0.7785087719298245,0.8947368421052632
2025-01-23,FAC-001,North General Hospital,SVC-MED,General Medicine,40.5,43,44,0.9204545454545454,0.9772727272727273
2025-01-23,FAC-001,North General Hospital,SVC-MHU,Mental Health,17.708333333333332,18,16,1.1067708333333333,1.125
2025-01-23,FAC-001,North General Hospital,SVC-SRG,General Surgery,31.666666666666668,33,31,1.021505376344086,1.064516129032258
2025-01-23,FAC-002,Central Community Hospital,SVC-CHD,Child Health,11.916666666666666,15,15,0.7944444444444444,1.0
2025-01-23,FAC-002,Central Community Hospital,SVC-MAT,Maternal Care,20.041666666666668,22,17,1.178921568627451,1.2941176470588236
2025-01-23,FAC-002,Central Community Hospital,SVC-MED,General Medicine,29.416666666666668,30,32,0.9192708333333334,0.9375
2025-01-23,FAC-002,Central Community Hospital,SVC-MHU,Mental Health,12.708333333333334,13,13,0.9775641025641026,1.0
2025-01-23,FAC-002,Central Community Hospital,SVC-SRG,General Surgery,18.0,21,23,0.782608695652174,0.9130434782608695
2025-01-23,FAC-003,South Medical Center,SVC-CHD,Child Health,4.5,6,12,0.375,0.5
2025-01-23,FAC-003,South Medical Center,SVC-MAT,Maternal Care,13.458333333333334,14,13,1.0352564102564104,1.0769230769230769
2025-01-23,FAC-003,South Medical Center,SVC-MED,General Medicine,24.416666666666668,26,25,0.9766666666666667,1.04
2025-01-23,FAC-003,South Medical Center,SVC-MHU,Mental Health,7.416666666666667,8,12,0.6180555555555556,0.6666666666666666
2025-01-23,FAC-003,South Medical Center,SVC-SRG,General Surgery,15.541666666666666,17,20,0.7770833333333333,0.85
2025-01-24,FAC-001,North General Hospital,SVC-CHD,Child Health,15.916666666666666,17,19,0.837719298245614,0.8947368421052632
2025-01-24,FAC-001,North General Hospital,SVC-MAT,Maternal Care,11.708333333333334,15,18,0.650462962962963,0.8333333333333334
2025-01-24,FAC-001,North General Hospital,SVC-MED,General Medicine,36.5,38,40,0.9125,0.95
2025-01-24,FAC-001,North General Hospital,SVC-MHU,Mental Health,17.833333333333332,19,17,1.049019607843137,1.1176470588235294
2025-01-24,FAC-001,North General Hospital,SVC-SRG,General Surgery,32.833333333333336,34,29,1.132183908045977,1.1724137931034482
2025-01-24,FAC-002,Central Community Hospital,SVC-CHD,Child Health,9.875,11,14,0.7053571428571429,0.7857142857142857
2025-01-24,FAC-002,Central Community Hospital,SVC-MAT,Maternal Care,19.0,21,17,1.1176470588235294,1.2352941176470589
2025-01-24,FAC-002,Central Community Hospital,SVC-MED,General Medicine,31.916666666666668,36,34,0.9387254901960784,1.0588235294117647
2025-01-24,FAC-002,Central Community Hospital,SVC-MHU,Mental Health,14.25,15,14,1.0178571428571428,1.0714285714285714
2025-01-24,FAC-002,Central Community Hospital,SVC-SRG,General Surgery,18.583333333333332,21,25,0.7433333333333333,0.84
2025-01-24,FAC-003,South Medical Center,SVC-CHD,Child Health,4.25,6,12,0.3541666666666667,0.5
2025-01-24,FAC-003,South Medical Center,SVC-MAT,Maternal Care,13.125,15,12,1.09375,1.25
2025-01-24,FAC-003,South Medical Center,SVC-MED,General Medicine,25.458333333333332,27,28,0.9092261904761905,0.9642857142857143
2025-01-24,FAC-003,South Medical Center,SVC-MHU,Mental Health,8.083333333333334,9,10,0.8083333333333333,0.9
2025-01-24,FAC-003,South Medical Center,SVC-SRG,General Surgery,17.041666666666668,19,20,0.8520833333333334,0.95
2025-01-25,FAC-001,North General Hospital,SVC-CHD,Child Health,13.0,17,18,0.7222222222222222,0.9444444444444444
2025-01-25,FAC-001,North General Hospital,SVC-MAT,Maternal Care,11.708333333333334,16,18,0.650462962962963,0.8888888888888888
2025-01-25,FAC-001,North General Hospital,SVC-MED,General Medicine,33.875,37,39,0.8685897435897436,0.9487179487179487
2025-01-25,FAC-001,North General Hospital,SVC-MHU,Mental Health,17.958333333333332,19,15,1.1972222222222222,1.2666666666666666
2025-01-25,FAC-001,North General Hospital,SVC-SRG,General Surgery,31.5,35,29,1.0862068965517242,1.206896551724138
2025-01-25,FAC-002,Central Community Hospital,SVC-CHD,Child Health,9.833333333333334,11,13,0.7564102564102565,0.8461538461538461
2025-01-25,FAC-002,Central Community Hospital,SVC-MAT,Maternal Care,21.541666666666668,25,15,1.4361111111111111,1.6666666666666667
2025-01-25,FAC-002,Central Community Hospital,SVC-MED,General Medicine,36.791666666666664,38,33,1.1148989898989898,1.1515151515151516
2025-01-25,FAC-002,Central Community Hospital,SVC-MHU,Mental Health,13.375,14,13,1.0288461538461537,1.0769230769230769
2025-01-25,FAC-002,Central Community Hospital,SVC-SRG,General Surgery,19.25,21,22,0.875,0.9545454545454546
2025-01-25,FAC-003,South Medical Center,SVC-CHD,Child Health,5.291666666666667,8,12,0.44097222222222227,0.6666666666666666
2025-01-25,FAC-003,South Medical Center,SVC-MAT,Maternal Care,14.208333333333334,16,13,1.092948717948718,1.2307692307692308
2025-01-25,FAC-003,South Medical Center,SVC-MED,General Medicine,26.625,29,26,1.0240384615384615,1.1153846153846154
2025-01-25,FAC-003,South Medical Center,SVC-MHU,Mental Health,9.458333333333334,10,10,0.9458333333333334,1.0
2025-01-25,FAC-003,South Medical Center,SVC-SRG,General Surgery,20.458333333333332,22,20,1.0229166666666667,1.1
2025-01-26,FAC-001,North General Hospital,SVC-CHD,Child Health,13.5,16,15,0.9,1.0666666666666667
2025-01-26,FAC-001,North General Hospital,SVC-MAT,Maternal Care,22.291666666666668,27,20,1.1145833333333335,1.35
2025-01-26,FAC-001,North General Hospital,SVC-MED,General Medicine,34.041666666666664,37,42,0.8105158730158729,0.8809523809523809
2025-01-26,FAC-001,North General Hospital,SVC-MHU,Mental Health,15.458333333333334,18,15,1.0305555555555557,1.2
2025-01-26,FAC-001,North General Hospital,SVC-SRG,General Surgery,26.875,29,28,0.9598214285714286,1.0357142857142858
2025-01-26,FAC-002,Central Community Hospital,SVC-CHD,Child Health,10.458333333333334,13,12,0.8715277777777778,1.0833333333333333
2025-01-26,FAC-002,Central Community Hospital,SVC-MAT,Maternal Care,19.208333333333332,23,14,1.3720238095238095,1.6428571428571428
2025-01-26,FAC-002,Central Community Hospital,SVC-MED,General Medicine,37.25,40,32,1.1640625,1.25
2025-01-26,FAC-002,Central Community Hospital,SVC-MHU,Mental Health,11.75,14,10,1.175,1.4
2025-01-26,FAC-002,Central Community Hospital,SVC-SRG,General Surgery,19.958333333333332,21,24,0.8315972222222222,0.875
2025-01-26,FAC-003,South Medical Center,SVC-CHD,Child Health,8.791666666666666,10,12,0.7326388888888888,0.8333333333333334
2025-01-26,FAC-003,South Medical Center,SVC-MAT,Maternal Care,16.416666666666668,18,12,1.3680555555555556,1.5
2025-01-26,FAC-003,South Medical Center,SVC-MED,General Medicine,23.416666666666668,26,25,0.9366666666666668,1.04
2025-01-26,FAC-003,South Medical Center,SVC-MHU,Mental Health,10.5,11,8,1.3125,1.375
2025-01-26,FAC-003,South Medical Center,SVC-SRG,General Surgery,16.291666666666668,18,19,0.8574561403508772,0.9473684210526315
2025-01-27,FAC-001,North General Hospital,SVC-CHD,Child Health,10.416666666666666,14,18,0.5787037037037037,0.7777777777777778
2025-01-27,FAC-001,North General Hospital,SVC-MAT,Maternal Care,27.166666666666668,29,20,1.3583333333333334,1.45
2025-01-27,FAC-001,North General Hospital,SVC-MED,General Medicine,31.666666666666668,35,40,0.7916666666666667,0.875
2025-01-27,FAC-001,North General Hospital,SVC-MHU,Mental Health,11.083333333333334,13,17,0.6519607843137255,0.7647058823529411
2025-01-27,FAC-001,North General Hospital,SVC-SRG,General Surgery,25.916666666666668,29,30,0.8638888888888889,0.9666666666666667
2025-01-27,FAC-002,Central Community Hospital,SVC-CHD,Child Health,9.708333333333334,12,15,0.6472222222222223,0.8
2025-01-27,FAC-002,Central Community Hospital,SVC-MAT,Maternal Care,21.333333333333332,24,17,1.2549019607843137,1.411764705882353
2025-01-27,FAC-002,Central Community Hospital,SVC-MED,General Medicine,38.708333333333336,41,34,1.138480392156863,1.2058823529411764
2025-01-27,FAC-002,Central Community Hospital,SVC-MHU,Mental Health,11.041666666666666,12,12,0.9201388888888888,1.0
2025-01-27,FAC-002,Central Community Hospital,SVC-SRG,General Surgery,19.833333333333332,22,25,0.7933333333333333,0.88
2025-01-27,FAC-003,South Medical Center,SVC-CHD,Child Health,6.916666666666667,9,13,0.532051282051282,0.6923076923076923
2025-01-27,FAC-003,South Medical Center,SVC-MAT,Maternal Care,17.708333333333332,18,13,1.362179487179487,1.3846153846153846
2025-01-27,FAC-003,South Medical Center,SVC-MED,General Medicine,20.5,22,27,0.7592592592592593,0.8148148148148148
2025-01-27,FAC-003,South Medical Center,SVC-MHU,Mental Health,9.875,11,11,0.8977272727272727,1.0
2025-01-27,FAC-003,South Medical Center,SVC-SRG,General Surgery,13.25,15,20,0.6625,0.75
2025-01-28,FAC-001,North General Hospital,SVC-CHD,Child Health,8.541666666666666,11,19,0.4495614035087719,0.5789473684210527
2025-01-28,FAC-001,North General Hospital,SVC-MAT,Maternal Care,23.166666666666668,26,18,1.2870370370370372,1.4444444444444444
2025-01-28,FAC-001,North General Hospital,SVC-MED,General Medicine,29.208333333333332,31,42,0.6954365079365079,0.7380952380952381
2025-01-28,FAC-001,North General Hospital,SVC-MHU,Mental Health,11.125,12,15,0.7416666666666667,0.8
2025-01-28,FAC-001,North General Hospital,SVC-SRG,General Surgery,24.791666666666668,28,30,0.826388888888889,0.9333333333333333
2025-01-28,FAC-002,Central Community Hospital,SVC-CHD,Child Health,10.625,12,14,0.7589285714285714,0.8571428571428571
2025-01-28,FAC-002,Central Community Hospital,SVC-MAT,Maternal Care,16.583333333333332,22,17,0.9754901960784313,1.2941176470588236
2025-01-28,FAC-002,Central Community Hospital,SVC-MED,General Medicine,40.208333333333336,42,32,1.2565104166666667,1.3125
2025-01-28,FAC-002,Central Community Hospital,SVC-MHU,Mental Health,12.166666666666666,13,13,0.9358974358974359,1.0
2025-01-28,FAC-002,Central Community Hospital,SVC-SRG,General Surgery,18.375,20,22,0.8352272727272727,0.9090909090909091
2025-01-28,FAC-003,South Medical Center,SVC-CHD,Child Health,9.25,12,13,0.7115384615384616,0.9230769230769231
2025-01-28,FAC-003,South Medical Center,SVC-MAT,Maternal Care,16.458333333333332,18,13,1.266025641025641,1.3846153846153846
2025-01-28,FAC-003,South Medical Center,SVC-MED,General Medicine,19.333333333333332,21,27,0.7160493827160493,0.7777777777777778
2025-01-28,FAC-003,South Medical Center,SVC-MHU,Mental Health,10.291666666666666,12,12,0.8576388888888888,1.0
2025-01-28,FAC-003,South Medical Center,SVC-SRG,General Surgery,13.625,15,21,0.6488095238095238,0.7142857142857143
2025-01-29,FAC-001,North General Hospital,SVC-CHD,Child Health,10.291666666666666,13,17,0.6053921568627451,0.7647058823529411
2025-01-29,FAC-001,North General Hospital,SVC-MAT,Maternal Care,21.958333333333332,26,19,1.155701754385965,1.368421052631579
2025-01-29,FAC-001,North General Hospital,SVC-MED,General Medicine,30.916666666666668,34,42,0.7361111111111112,0.8095238095238095
2025-01-29,FAC-001,North General Hospital,SVC-MHU,Mental Health,13.125,14,15,0.875,0.9333333333333333
2025-01-29,FAC-001,North General Hospital,SVC-SRG,General Surgery,27.958333333333332,30,29,0.9640804597701149,1.0344827586206897
2025-01-29,FAC-002,Central Community Hospital,SVC-CHD,Child Health,9.916666666666666,13,16,0.6197916666666666,0.8125
2025-01-29,FAC-002,Central Community Hospital,SVC-MAT,Maternal Care,18.416666666666668,22,15,1.2277777777777779,1.4666666666666666
2025-01-29,FAC-002,Central Community Hospital,SVC-MED,General Medicine,38.083333333333336,39,33,1.1540404040404042,1.1818181818181819
2025-01-29,FAC-002,Central Community Hospital,SVC-MHU,Mental Health,10.708333333333334,11,13,0.8237179487179488,0.8461538461538461
2025-01-29,FAC-002,Central Community Hospital,SVC-SRG,General Surgery,15.208333333333334,19,25,0.6083333333333334,0.76
2025-01-29,FAC-003,South Medical Center,SVC-CHD,Child Health,9.375,11,12,0.78125,0.9166666666666666
2025-01-29,FAC-003,South Medical Center,SVC-MAT,Maternal Care,14.75,18,11,1.3409090909090908,1.6363636363636365
2025-01-29,FAC-003,South Medical Center,SVC-MED,General Medicine,22.125,25,26,0.8509615384615384,0.9615384615384616
2025-01-29,FAC-003,South Medical Center,SVC-MHU,Mental Health,11.166666666666666,12,11,1.0151515151515151,1.0909090909090908
2025-01-29,FAC-003,South Medical Center,SVC-SRG,General Surgery,14.666666666666666,16,20,0.7333333333333333,0.8
2025-01-30,FAC-001,North General Hospital,SVC-CHD,Child Health,9.375,12,17,0.5514705882352942,0.7058823529411765
2025-01-30,FAC-001,North General Hospital,SVC-MAT,Maternal Care,20.75,23,19,1.0921052631578947,1.2105263157894737
2025-01-30,FAC-001,North General Hospital,SVC-MED,General Medicine,33.375,36,41,0.8140243902439024,0.8780487804878049
2025-01-30,FAC-001,North General Hospital,SVC-MHU,Mental Health,8.958333333333334,12,16,0.5598958333333334,0.75
2025-01-30,FAC-001,North General Hospital,SVC-SRG,General Surgery,25.416666666666668,27,29,0.8764367816091955,0.9310344827586207
2025-01-30,FAC-002,Central Community Hospital,SVC-CHD,Child Health,10.708333333333334,13,15,0.7138888888888889,0.8666666666666667
2025-01-30,FAC-002,Central Community Hospital,SVC-MAT,Maternal Care,15.75,19,17,0.9264705882352942,1.1176470588235294
2025-01-30,FAC-002,Central Community Hospital,SVC-MED,General Medicine,35.416666666666664,39,33,1.073232323232323,1.1818181818181819
2025-01-30,FAC-002,Central Community Hospital,SVC-MHU,Mental Health,9.375,11,12,0.78125,0.9166666666666666
2025-01-30,FAC-002,Central Community Hospital,SVC-SRG,General Surgery,12.958333333333334,15,24,0.5399305555555556,0.625
2025-01-30,FAC-003,South Medical Center,SVC-CHD,Child Health,7.875,9,11,0.7159090909090909,0.8181818181818182
2025-01-30,FAC-003,South Medical Center,SVC-MAT,Maternal Care,13.791666666666666,15,14,0.9851190476190476,1.0714285714285714
2025-01-30,FAC-003,South Medical Center,SVC-MED,General Medicine,26.791666666666668,29,26,1.030448717948718,1.1153846153846154
2025-01-30,FAC-003,South Medical Center,SVC-MHU,Mental Health,11.583333333333334,12,11,1.053030303030303,1.0909090909090908
2025-01-30,FAC-003,South Medical Center,SVC-SRG,General Surgery,14.0,15,21,0.6666666666666666,0.7142857142857143
